Metric,BALM-PPI,MINT,Difference
RMSE,1.415643241441487,1.8876998298462213,0.4720565884047343
Pearson,0.8502569709241867,0.5119191535699592,-0.3383378173542275
Spearman,0.7956406099272947,0.44449038394494894,-0.35115022598234574
R²,0.53434984884947,0.17202355485166065,-0.36232629399780936
CI,0.7975908349864995,0.6418666551933448,-0.15572417979315467
