{
    "seed": 123,
    "split_type": "cold_target",
    "train_size": 7375,
    "test_size": 1857,
    "timestamp": "2025-04-06 12:12:26",
    "balm_metrics": {
        "RMSE": 1.415643241441487,
        "Pearson": 0.8502569709241867,
        "Spearman": 0.7956406099272947,
        "R\u00b2": 0.53434984884947,
        "CI": 0.7975908349864995
    },
    "mint_metrics": {
        "RMSE": 1.8876998298462213,
        "Pearson": 0.5119191535699592,
        "Spearman": 0.44449038394494894,
        "R\u00b2": 0.17202355485166065,
        "CI": 0.6418666551933448
    }
}