{
  "rmse": 1.5627758299398486,
  "pearson": 0.7081802403230408,
  "spearman": 0.7081397171813846,
  "ci": 0.7635248187395427
}