Metric,BALM-PPI,MINT,Difference
RMSE,1.1251368624432836,3.520927595274407,2.3957907328311236
Pearson,0.8613444840846642,0.08279832077017654,-0.7785461633144877
Spearman,0.8608890215088667,0.16380091071309374,-0.6970881107957729
R²,0.7370845304986022,-1.574658432712333,-2.311742963210935
CI,0.840863234786565,0.55403534426121,-0.28682789052535496
