{
    "seed": 456,
    "split_type": "seq_similarity",
    "train_size": 484,
    "test_size": 10471,
    "timestamp": "2025-04-06 13:32:12",
    "balm_metrics": {
        "RMSE": 1.1251368624432836,
        "Pearson": 0.8613444840846642,
        "Spearman": 0.8608890215088667,
        "R\u00b2": 0.7370845304986022,
        "CI": 0.840863234786565
    },
    "mint_metrics": {
        "RMSE": 3.520927595274407,
        "Pearson": 0.08279832077017654,
        "Spearman": 0.16380091071309374,
        "R\u00b2": -1.574658432712333,
        "CI": 0.55403534426121
    }
}