Metric,BALM-PPI,MINT,Difference (BALM-MINT)
rmse,1.300499238973715,7.79071328332998,-6.490214044356265
pearson,0.8023249993257862,0.0836976891016023,0.7186273102241838
spearman,0.795500757736698,0.1467920957387238,0.6487086619979743
ci,0.804010556496006,0.5483065937652325,0.25570396273077345
