Metric,BALM-PPI,MINT,Difference
RMSE,1.1409057536217313,12.71584390207911,11.574938148457377
Pearson,0.8666233565979344,-0.21595397022689766,-1.0825773268248322
Spearman,0.8677598146180807,-0.28714445748194917,-1.1549042721000298
R²,0.7463188758836548,-30.512219198526008,-31.258538074409664
CI,0.8440184110068395,0.40413507901766144,-0.43988333198917806
