{
    "seed": 42,
    "split_type": "seq_similarity",
    "train_size": 1450,
    "test_size": 9263,
    "timestamp": "2025-04-06 12:55:19",
    "balm_metrics": {
        "RMSE": 1.1409057536217313,
        "Pearson": 0.8666233565979344,
        "Spearman": 0.8677598146180807,
        "R\u00b2": 0.7463188758836548,
        "CI": 0.8440184110068395
    },
    "mint_metrics": {
        "RMSE": 12.71584390207911,
        "Pearson": -0.21595397022689766,
        "Spearman": -0.28714445748194917,
        "R\u00b2": -30.512219198526008,
        "CI": 0.40413507901766144
    }
}