{
  "train": {
    "RMSE": 1.1187177312670908,
    "Pearson": 0.8612043572634365,
    "Spearman": 0.8574218903822194,
    "CI": 0.8383258471145496
  },
  "test": {
    "RMSE": 1.4061374712742802,
    "Pearson": 0.7616044447570558,
    "Spearman": 0.7565527943010278,
    "CI": 0.7836547975785648
  },
  "time": 1803.7170889377594,
  "embedding_dims": 2560
}