Metric,BALM-PPI,MINT,Difference
RMSE,1.1309738979907893,4.278572085065981,3.147598187075192
Pearson,0.8431847572162121,-0.06832438766618333,-0.9115091448823954
Spearman,0.8387305100855108,0.001905154945326873,-0.836825355140184
R²,0.7054554684475278,-3.2154457744915925,-3.92090124293912
CI,0.8293206362948821,0.5008625495980683,-0.32845808669681376
