{
    "seed": 456,
    "split_type": "cold_target",
    "train_size": 1039,
    "test_size": 9777,
    "timestamp": "2025-04-06 12:34:09",
    "balm_metrics": {
        "RMSE": 1.1309738979907893,
        "Pearson": 0.8431847572162121,
        "Spearman": 0.8387305100855108,
        "R\u00b2": 0.7054554684475278,
        "CI": 0.8293206362948821
    },
    "mint_metrics": {
        "RMSE": 4.278572085065981,
        "Pearson": -0.06832438766618333,
        "Spearman": 0.001905154945326873,
        "R\u00b2": -3.2154457744915925,
        "CI": 0.5008625495980683
    }
}