rmse,pearson,spearman,ci,model
1.5627758299398486,0.7081802403230408,0.7081397171813846,0.7635248187395427,BALM-PPI
