Metric,BALM,MINT
RMSE,1.4282852854560042,1.4061374712742802
Pearson,0.7548619803181559,0.7616044447570558
Spearman,0.7508719479039074,0.7565527943010278
CI,0.7814665893850851,0.7836547975785648
