Metric,BALM-PPI,MINT,Difference
RMSE,1.1516348053589958,1.660093686058447,0.5084588806994512
Pearson,0.8566008029758148,0.6906102802181759,-0.16599052275763881
Spearman,0.8533000915313603,0.6990803606339686,-0.15421973089739172
R²,0.7189208015329542,0.4159307553152528,-0.3029900462177014
CI,0.8365291290919092,0.7603105236353417,-0.07621860545656756
