{
    "seed": 456,
    "split_type": "random",
    "train_size": 1772,
    "test_size": 8861,
    "timestamp": "2025-04-06 12:02:15",
    "balm_metrics": {
        "RMSE": 1.1516348053589958,
        "Pearson": 0.8566008029758148,
        "Spearman": 0.8533000915313603,
        "R\u00b2": 0.7189208015329542,
        "CI": 0.8365291290919092
    },
    "mint_metrics": {
        "RMSE": 1.660093686058447,
        "Pearson": 0.6906102802181759,
        "Spearman": 0.6990803606339686,
        "R\u00b2": 0.4159307553152528,
        "CI": 0.7603105236353417
    }
}