{
  "rmse": 1.4872362462401512,
  "pearson": 0.7390619928955724,
  "spearman": 0.7373625698250215,
  "ci": 0.7786450459955018
}