{
  "train": {
    "RMSE": 1.0607540871607548,
    "Pearson": 0.8761096109452625,
    "Spearman": 0.8721672933101499,
    "CI": 0.8482296225614668
  },
  "test": {
    "RMSE": 1.4282852854560042,
    "Pearson": 0.7548619803181559,
    "Spearman": 0.7508719479039074,
    "CI": 0.7814665893850851
  },
  "time": 1497.761223077774,
  "embedding_dims": 2560
}