model,rmse,pearson,spearman,ci
BALM-PPI (Embedding),1.5627758299398486,0.7081802403230408,0.7081397171813846,0.7635248187395427
MINT (Embedding),1.4872362462401512,0.7390619928955724,0.7373625698250215,0.7786450459955018
