Metric,BALM-PPI,MINT,Difference
RMSE,1.1306566155197075,1.6881505869163627,0.5574939713966551
Pearson,0.8570926368050987,0.6884377200735035,-0.16865491673159527
Spearman,0.8547026336193253,0.6960292710982998,-0.15867336252102548
R²,0.728427141800146,0.3945932275175913,-0.3338339142825547
CI,0.8374208008407411,0.7595368170715463,-0.07788398376919481
