{
    "seed": 123,
    "split_type": "random",
    "train_size": 1772,
    "test_size": 8861,
    "timestamp": "2025-04-06 11:41:44",
    "balm_metrics": {
        "RMSE": 1.1306566155197075,
        "Pearson": 0.8570926368050987,
        "Spearman": 0.8547026336193253,
        "R\u00b2": 0.728427141800146,
        "CI": 0.8374208008407411
    },
    "mint_metrics": {
        "RMSE": 1.6881505869163627,
        "Pearson": 0.6884377200735035,
        "Spearman": 0.6960292710982998,
        "R\u00b2": 0.3945932275175913,
        "CI": 0.7595368170715463
    }
}