Metric,BALM-PPI,MINT,Difference
RMSE,1.1354911907448906,1.5373414736384352,0.40185028289354463
Pearson,0.8549430686595939,0.7258821845356782,-0.1290608841239157
Spearman,0.8532205699150937,0.7407960009959521,-0.11242456891914154
R²,0.7256196855375406,0.49704851125204885,-0.22857117428549178
CI,0.8365125455487683,0.7790039295376366,-0.057508616011131664
