Metric,BALM-PPI,MINT,Difference
RMSE,1.1373099265481883,1.669910977455538,0.5326010509073498
Pearson,0.8541737189606392,0.6759045621378839,-0.17826915682275535
Spearman,0.8532811621711295,0.693779869783398,-0.15950129238773147
R²,0.7239010708185507,0.4047578151655733,-0.3191432556529774
CI,0.8363147335254356,0.7576426495994333,-0.07867208392600233
