{
    "seed": 42,
    "split_type": "random",
    "train_size": 1772,
    "test_size": 8861,
    "timestamp": "2025-04-06 11:21:18",
    "balm_metrics": {
        "RMSE": 1.1373099265481883,
        "Pearson": 0.8541737189606392,
        "Spearman": 0.8532811621711295,
        "R\u00b2": 0.7239010708185507,
        "CI": 0.8363147335254356
    },
    "mint_metrics": {
        "RMSE": 1.669910977455538,
        "Pearson": 0.6759045621378839,
        "Spearman": 0.693779869783398,
        "R\u00b2": 0.4047578151655733,
        "CI": 0.7576426495994333
    }
}