Metric,BALM-PPI,MINT,Difference
RMSE,1.415643241441487,1.4639787602999614,0.048335518858474424
Pearson,0.8502569709241867,0.7165389060518064,-0.13371806487238036
Spearman,0.7956406099272947,0.5826726956582439,-0.21296791426905082
R²,0.53434984884947,0.5020088092219837,-0.032341039627486357
CI,0.7975908349864995,0.700385247788866,-0.0972055871976335
