{
    "seed": 42,
    "split_type": "cold_target",
    "train_size": 7375,
    "test_size": 1857,
    "timestamp": "2025-04-06 12:07:44",
    "balm_metrics": {
        "RMSE": 1.415643241441487,
        "Pearson": 0.8502569709241867,
        "Spearman": 0.7956406099272947,
        "R\u00b2": 0.53434984884947,
        "CI": 0.7975908349864995
    },
    "mint_metrics": {
        "RMSE": 1.4639787602999614,
        "Pearson": 0.7165389060518064,
        "Spearman": 0.5826726956582439,
        "R\u00b2": 0.5020088092219837,
        "CI": 0.700385247788866
    }
}