Metric,BALM-PPI,MINT,Difference
RMSE,1.165623540748086,2.572382993516926,1.4067594527688398
Pearson,0.8640608419184881,0.12998193434363858,-0.7340789075748495
Spearman,0.8594665012454501,0.11081670790610401,-0.7486497933393461
R²,0.7122208334713196,-0.40156740938697566,-1.1137882428582953
CI,0.8378820314776139,0.5376451653282598,-0.3002368661493541
