{
    "seed": 123,
    "split_type": "seq_similarity",
    "train_size": 4404,
    "test_size": 5570,
    "timestamp": "2025-04-06 13:08:05",
    "balm_metrics": {
        "RMSE": 1.165623540748086,
        "Pearson": 0.8640608419184881,
        "Spearman": 0.8594665012454501,
        "R\u00b2": 0.7122208334713196,
        "CI": 0.8378820314776139
    },
    "mint_metrics": {
        "RMSE": 2.572382993516926,
        "Pearson": 0.12998193434363858,
        "Spearman": 0.11081670790610401,
        "R\u00b2": -0.40156740938697566,
        "CI": 0.5376451653282598
    }
}